"id","datetime","pm1","pm2_5","pm10"
"1","2023-09-14 08:14:11.047966","0","0","0"
"2","2023-09-14 08:14:11.587548","0","0","0"
"3","2023-09-14 08:14:11.916174","0","0","0"
"4","2023-09-14 08:14:12.301147","0","0","0"
"5","2023-09-14 08:14:13.153544","0","0","0"
"6","2023-09-14 08:14:14.058258","0","0","0"
"7","2023-09-14 08:14:14.913685","0","0","0"
"8","2023-09-14 08:14:15.740644","0","0","0"
"9","2023-09-14 08:14:17.482559","0","0","0"
"10","2023-09-14 08:14:17.864598","0","0","0"
"11","2023-09-14 08:14:18.302584","0","0","0"
"12","2023-09-14 08:14:19.245860","0","0","0"
"13","2023-09-14 08:14:20.076038","0","0","0"
"14","2023-09-14 08:14:20.914653","0","0","0"
"15","2023-09-14 08:14:21.781459","0","0","0"
"16","2023-09-14 08:14:22.678849","0","0","0"
"17","2023-09-14 08:14:23.509568","0","0","0"
"18","2023-09-14 08:14:24.415940","0","0","0"
"19","2023-09-14 08:14:25.257974","0","0","0"
"20","2023-09-14 08:14:26.099688","0","0","0"
"21","2023-09-14 08:14:27.001473","0","0","0"
"22","2023-09-14 08:14:27.849603","0","0","0"
"23","2023-09-14 08:14:28.684456","0","0","0"
"24","2023-09-14 08:14:29.640941","0","0","0"
"25","2023-09-14 08:14:30.423927","0","0","0"
"26","2023-09-14 08:14:31.274197","0","0","0"
"27","2023-09-14 08:14:32.177748","0","0","0"
"28","2023-09-14 08:14:32.997991","0","0","0"
"29","2023-09-14 08:14:33.836414","0","0","0"
"30","2023-09-14 08:14:34.766536","0","0","0"
"31","2023-09-14 08:14:35.610800","0","0","0"
"32","2023-09-14 08:14:36.445412","0","0","0"
"33","2023-09-14 08:14:37.353926","0","0","0"
"34","2023-09-14 08:14:38.196110","0","0","0"
"35","2023-09-14 08:14:39.034635","0","0","0"
