id,datetime,pm1,pm2_5,pm10
1,"2023-12-06 10:51:02.014911",3,5,6
2,"2023-12-06 10:51:02.803757",3,5,6
3,"2023-12-06 10:51:03.672628",3,5,6
4,"2023-12-06 10:51:04.580465",2,4,6
5,"2023-12-06 10:51:05.422694",2,4,6
6,"2023-12-06 10:51:06.256569",2,4,6
7,"2023-12-06 10:51:07.171830",3,4,6
8,"2023-12-06 10:51:07.996593",3,4,6
9,"2023-12-06 10:51:08.847346",3,4,6
10,"2023-12-06 10:51:09.745952",3,4,6
11,"2023-12-06 10:51:10.596482",3,4,6
12,"2023-12-06 10:51:11.431908",3,4,6
13,"2023-12-06 10:51:12.339562",3,4,6
14,"2023-12-06 10:51:13.187085",3,4,6
15,"2023-12-06 10:51:14.012925",3,4,6
